Track URI,Track Name,Album Name,Artist Name(s),Release Date,Duration (ms),Popularity,Explicit,Added By,Added At,Genres,Record Label,Danceability,Energy,Key,Loudness,Mode,Speechiness,Acousticness,Instrumentalness,Liveness,Valence,Tempo,Time Signature
spotify:track:0SSLKt27B0a71OqsPy0uoY,"Siragugal","Sarvam","Yuvan Shankar Raja,Javed Ali,Madhushree",2009-02-14,325930,0,false,mans043,2018-12-12T21:39:52Z,"tamil pop,kollywood,tamil dance,tamil hip hop,sufi,bollywood,hindi pop,qawwali,desi,desi pop","Eros Ayangaran",0.642,0.911,10,-3.322,0,0.156,0.216,0.000148,0.102,0.61,170.015,4
spotify:track:6dZCuf6SGn2rh9q94JBLlv,"Idhu Varai","Goa (Original Motion Picture Soundtrack)","Yuvan Shankar Raja,Ajesh,Andrea Jeremiah",2010-01-01,284480,63,false,mans043,2018-12-12T21:40:11Z,"tamil pop,kollywood,tamil dance,tamil hip hop","Sony Music Entertainment India Pvt. Ltd.",0.67,0.517,5,-6.963,0,0.039,0.481,0.0000249,0.217,0.615,77.514,4
spotify:track:4Yy2VhegGoOHKNY1uDyZMM,"Loosu Pennae","Vallavan (Original Motion Picture Soundtrack)","Silambarasan TR,Blaaze",2006-06-01,407447,0,false,mans043,2018-12-12T21:40:14Z,"tamil dance,tamil pop,kollywood,tamil hip hop,telugu pop,tollywood","Eros Ayangaran",0.669,0.53,5,-6.827,0,0.126,0.499,0.000484,0.099,0.522,192.383,4
spotify:track:4I91lJWD0Fgbo1KQ0vHJlS,"Ammadi Aathadi","Vallavan (Original Motion Picture Soundtrack)","Silambarasan TR,T. Rajendar,Suchitra,Mahathi",2006-06-01,326069,0,false,mans043,2018-12-12T21:40:28Z,"tamil dance,tamil pop,kollywood,tamil hip hop,telugu pop,tollywood","Eros Ayangaran",0.732,0.823,10,-7.724,0,0.245,0.377,0.0000718,0.0929,0.681,160.193,4
spotify:track:3FfneBocoFOqrWyzOZBO8G,"Pani Thuli","Kanda Naal Mudhal","Yuvan Shankar Raja,Shreya Ghoshal,KK",2005-08-16,343205,0,false,mans043,2018-12-12T21:40:33Z,"tamil pop,kollywood,tamil dance,tamil hip hop,bollywood,hindi pop,desi,kannada pop,marathi pop","Eros Ayangaran",0.723,0.624,5,-6.023,0,0.0688,0.117,0.00000532,0.0819,0.688,169.95,4
spotify:track:4O1e7nDrPuFxN0nj7J3SOm,"Namma Kattula - Language:Tamil;Film:Pattiyal;Film Artiest:Arya Bharath Pooja Padmapriya","Pattiyal","Ilaya Raja Roshini",2006-01-01,234680,0,false,mans043,2018-12-12T21:40:39Z,"","Roja/Mass Audio",0.866,0.653,2,-7.006,1,0.0569,0.0301,0,0.196,0.311,105.005,4
spotify:track:5iN5Cqt5FIN2Etm7DOAqEf,"Yaar Solli","Pathinaru","Yuvan Shankar Raja",2010-12-23,395934,0,false,mans043,2018-12-12T21:40:53Z,"tamil pop,kollywood,tamil dance,tamil hip hop","Think Music",0.613,0.575,2,-8.283,1,0.0358,0.232,0.154,0.076,0.125,169.99,4
spotify:track:366DHYNnzuV8inhDMRKRTR,"Hey Sala","Aegan (Original Motion Picture Soundtrack)","Blaze,Naresh Iyer,Md Aslam",2008-10-09,304076,0,false,mans043,2018-12-12T21:40:58Z,"tamil pop,kollywood,tollywood,telugu pop,tamil dance","Eros Now Music",0.809,0.885,2,-7.112,1,0.0471,0.192,0.0000604,0.154,0.939,110.008,4
spotify:track:56UONZTCxmFM0aQFrCLh5M,"Yaar Intha","Boss (A) Baskaran","Think Music",2010-08-27,304352,0,false,mans043,2018-12-12T21:41:04Z,"","Think Music",0.842,0.446,7,-7.989,0,0.041,0.0396,0,0.0557,0.584,109.986,4
spotify:track:0elBHUZsmKWSDVgwjWrGsF,"Boss Boss","Boss (A) Baskaran","Think Music",2010-08-27,238994,0,false,mans043,2018-12-12T21:41:17Z,"","Think Music",0.81,0.93,2,-5.564,1,0.0437,0.208,0.131,0.0573,0.868,119.999,4
spotify:track:2leD17DdNbcq55Jld8UFht,"Eno Kangal","Kalvanin Kadhali","Yuvan Shankar Raja,Sadhana Sargam",2005-11-29,329186,0,false,mans043,2018-12-12T21:41:24Z,"tamil pop,kollywood,tamil dance,tamil hip hop,bollywood","Eros Ayangaran",0.779,0.749,1,-8.671,0,0.0452,0.216,0.0000106,0.065,0.798,109.995,4
spotify:track:2yzAJ3au0Bj8dAAflZCCjp,"Rasathi","Avan Ivan (Original Motion Picture Soundtrack)","Yuvan Shankar Raja,Haricharan",2011-04-18,293013,44,false,mans043,2018-12-12T21:41:29Z,"tamil pop,kollywood,tamil dance,tamil hip hop,mollywood,tollywood,telugu pop,malayalam pop,kannada pop","Sony Music Entertainment India Pvt. Ltd.",0.77,0.665,8,-5.784,1,0.0698,0.121,0.000259,0.114,0.436,104.973,4
spotify:track:5jXrULyYKHjkAMk4TXZFoG,"Kaadhal Endral","Goa (Original Motion Picture Soundtrack)","Yuvan Shankar Raja",2010-01-01,87133,58,false,mans043,2018-12-12T21:41:46Z,"tamil pop,kollywood,tamil dance,tamil hip hop","Sony Music Entertainment India Pvt. Ltd.",0.638,0.324,0,-7.787,0,0.0321,0.923,0.0000335,0.151,0.446,129.932,4
spotify:track:2f4x30AcgiQdVlMyY7ZvkY,"Theeratha Vilaiyattu","Theeratha Vilayaatu Pillai (Original Motion Picture Soundtrack)","Yuvan Shankar Raja,Andrea Jeremiah,Tanvi Shah,Ranjith Govind,Vinaita Sivakumar",2009-12-11,295013,46,false,mans043,2018-12-12T21:41:54Z,"tamil pop,kollywood,tamil dance,tamil hip hop,telugu pop,tollywood,tamil indie","Sony Music Entertainment India Pvt. Ltd.",0.714,0.673,7,-5.924,0,0.0447,0.00842,0.223,0.164,0.66,130.011,4
spotify:track:2O2ojTSsgwXNzjun55cfcN,"Iyley Iyley","Boss (A) Baskaran","Think Music",2010-08-27,304404,0,false,mans043,2018-12-12T21:41:56Z,"","Think Music",0.784,0.697,7,-6.274,0,0.0576,0.017,0.00219,0.377,0.549,94.999,4
spotify:track:5MGdVJRHRfZ95yWQ2hCwRC,"Yedho Mayakkam","Billa 2 (Original Motion Picture Soundtrack)","Yuvan Shankar Raja,Tanvi Shah,SUVI",2012-05-01,262533,49,false,mans043,2018-12-12T21:42:04Z,"tamil pop,kollywood,tamil dance,tamil hip hop","Sony Music Entertainment India Pvt. Ltd.",0.8,0.751,1,-4.972,1,0.0347,0.00194,0.437,0.0676,0.354,121.983,4
spotify:track:74KVnRz62agLGzRCTVFUdQ,"Madurai Ponnu","Billa 2 (Original Motion Picture Soundtrack)","Yuvan Shankar Raja,Andrea Jeremiah",2012-05-01,235853,49,false,mans043,2018-12-12T21:42:13Z,"tamil pop,kollywood,tamil dance,tamil hip hop","Sony Music Entertainment India Pvt. Ltd.",0.831,0.746,5,-6.113,0,0.0407,0.0639,0.00373,0.0673,0.756,120.02,4
spotify:track:2aCYl4eGvvk1aOZTuN6cKN,"Tajmahal Oviyakkadhal","Kalvanin Kadhali","Yuvan Shankar Raja,Vijay Yesudas,Madhumitha",2005-11-29,304960,0,false,mans043,2018-12-12T21:42:22Z,"tamil pop,kollywood,tamil dance,tamil hip hop,malayalam pop,mollywood","Eros Ayangaran",0.66,0.621,3,-9.603,0,0.0407,0.239,0.00000962,0.0952,0.529,119.962,4
spotify:track:47TnnllyvUDTevPWHxuSQw,"Uyir Piriyum Valiyai","Kalvanin Kadhali","Yuvan Shankar Raja,Ranjith Govind",2005-11-29,138453,0,false,mans043,2018-12-12T21:42:25Z,"tamil pop,kollywood,tamil dance,tamil hip hop,telugu pop,tollywood","Eros Ayangaran",0.486,0.329,0,-10.346,0,0.0406,0.713,0.0000026,0.0781,0.323,89.724,4
spotify:track:0j0M4zXX65TIXmZsrIF7U8,"Ivan Kattil","Kalvanin Kadhali","Yuvan Shankar Raja,Clinton Cerejo",2005-11-29,264093,0,false,mans043,2018-12-12T21:42:29Z,"tamil pop,kollywood,tamil dance,tamil hip hop,bollywood","Eros Ayangaran",0.791,0.841,1,-9.9,1,0.0902,0.0715,0.12,0.117,0.702,134.976,4
spotify:track:6r7crctA1WVyWL925wVDEf,"Idhu Kaadhala","Thiruvilayadal Arambam/Thulluvadho Elamai","Yuvan Shankar Raja",2006-01-01,271586,0,false,mans043,2018-12-12T21:42:43Z,"tamil pop,kollywood,tamil dance,tamil hip hop","Saregama",0.723,0.706,0,-9.01,0,0.0423,0.0759,0.00109,0.674,0.554,132.972,4
spotify:track:19MRAxznRvejs0DNu8MhoC,"Aathadi Manasudhan","Kazhugoo (Original Motion Picture Soundtrack)","Yuvan Shankar Raja,Priya Hemesh",2011-11-23,309666,50,false,mans043,2018-12-12T21:42:48Z,"tamil pop,kollywood,tamil dance,tamil hip hop,telugu pop,tollywood,kannada pop","Sony Music Entertainment India Pvt. Ltd.",0.639,0.476,3,-7.675,0,0.043,0.138,0.0523,0.0865,0.353,160.093,4
spotify:track:6YcBBZVKYYRirfeAt6BeGA,"Machi Open the Bottle","Mankatha (Original Motion Picture Soundtrack)","Yuvan Shankar Raja,Mano,Premgi Amaren,Tippu,Haricharan,Naveen Madhav",2011-08-10,285973,61,false,mans043,2018-12-12T21:43:07Z,"tamil pop,kollywood,tamil dance,tamil hip hop,kannada pop,telugu pop,tollywood,sandalwood,mollywood,malayalam pop","Sony Music Entertainment India Pvt. Ltd.",0.485,0.92,5,-6.243,1,0.277,0.664,0.000339,0.216,0.767,169.944,4
spotify:track:0uVrPeEM1Q02sbGA3zJ3CC,"Nanbane","Mankatha (Original Motion Picture Soundtrack)","Yuvan Shankar Raja,Madhushree",2011-08-10,302600,56,false,mans043,2018-12-12T21:43:13Z,"tamil pop,kollywood,tamil dance,tamil hip hop","Sony Music Entertainment India Pvt. Ltd.",0.451,0.306,2,-6.325,0,0.0403,0.82,0.00544,0.207,0.262,102.659,4
spotify:track:3RsEmtEJdqqeugDvxOLo2u,"Goa - Club Mix","Goa (Original Motion Picture Soundtrack)","Yuvan Shankar Raja",2010-01-01,306386,37,false,mans043,2018-12-12T21:43:31Z,"tamil pop,kollywood,tamil dance,tamil hip hop","Sony Music Entertainment India Pvt. Ltd.",0.748,0.827,1,-5.804,1,0.0398,0.0127,0.0231,0.335,0.672,129.981,4
spotify:track:4qbH2EQ2d3cGqtIT8gIlhG,"Vaada Bin Laada","Mankatha (Original Motion Picture Soundtrack)","Yuvan Shankar Raja,Krishh,Suchitra",2011-08-10,269266,49,false,mans043,2018-12-12T21:43:59Z,"tamil pop,kollywood,tamil dance,tamil hip hop,telugu pop,tollywood","Sony Music Entertainment India Pvt. Ltd.",0.79,0.784,10,-6.31,0,0.0421,0.147,0.00303,0.109,0.399,119.956,4
spotify:track:5wHRzbzZhlrFClgnoeRXWW,"Unn Badhil Vendi","Taramani (Original Motion Picture Soundtrack)","Yuvan Shankar RajaSiddharthSruthi S",2016-12-31,262999,0,false,mans043,2018-12-12T21:46:42Z,"","Divo",0.416,0.512,3,-6.994,0,0.0526,0.686,0.00000176,0.111,0.184,164.867,4
spotify:track:1E6anXkNpfIReDMQ3fMsLg,"Oru Naalil","Pudhupettai","Yuvan Shankar Raja",2005-12-15,382066,0,false,mans043,2018-12-12T21:46:45Z,"tamil pop,kollywood,tamil dance,tamil hip hop","Eros Ayangaran",0.72,0.533,6,-6.43,1,0.0407,0.301,0.0000239,0.0773,0.75,80,4
spotify:track:2YMfIwRI0NUXmmTuOWhPIf,"Paithiyam Pidikudhu","Baana Kaathadi (Original Motion Picture Soundtrack)","Yuvan Shankar Raja,Karthik",2010-04-30,325160,35,false,mans043,2018-12-12T21:46:52Z,"tamil pop,kollywood,tamil dance,tamil hip hop,telugu pop,tollywood,kannada pop,malayalam pop,mollywood","Think Music (India)",0.791,0.425,6,-9,1,0.0323,0.332,0.00654,0.151,0.222,104.972,4
spotify:track:6XeJ4zrJoEGr3jbgO6duJl,"En Nenjil","Baana Kaathadi (Original Motion Picture Soundtrack)","Yuvan Shankar Raja,Sadhana Sargam",2010-04-30,305333,55,false,mans043,2018-12-12T21:46:59Z,"tamil pop,kollywood,tamil dance,tamil hip hop,bollywood","Think Music (India)",0.681,0.658,8,-8.856,1,0.0444,0.633,0.00262,0.16,0.585,144.857,4
spotify:track:7gH4rlPy6lnGQEfWnfgXrc,"Thaakkuthe Kan Thaakkuthe","Baana Kaathadi (Original Motion Picture Soundtrack)","Yuvan Shankar Raja",2010-04-30,244000,50,false,mans043,2018-12-12T21:47:01Z,"tamil pop,kollywood,tamil dance,tamil hip hop","Think Music (India)",0.84,0.494,5,-9.812,1,0.0691,0.0772,0.192,0.0467,0.694,99.992,4
spotify:track:2w98f0JtNUR2HkZWfjsyGn,"Mun Paniya (From Nandhaa)","Youth Beats - Hits of A.R.Rahman and Yuvan Shankar Raja","S. P. Balasubrahmanyam,Malgudi Subha",2013-07-23,340244,0,false,mans043,2018-12-12T21:47:07Z,"telugu pop,kannada pop,tamil pop,devotional,tollywood,sandalwood,kollywood","Five Star Audio",0.668,0.281,5,-16.017,0,0.0517,0.378,0,0.11,0.487,119.95,4
spotify:track:0Ebaa4yQ1P9H3ZA3fLZnAD,"Yaaro (From Chennai-600028) - Duet Version","Love Hits of Yuvan","S. P. Balasubrahmanyam,K. S. Chithra",2013-08-14,314120,37,false,mans043,2018-12-12T21:47:12Z,"telugu pop,kannada pop,tamil pop,devotional,tollywood,sandalwood,kollywood,malayalam pop,mollywood","Five Star Audio",0.559,0.739,7,-7.039,0,0.0822,0.0222,0.00416,0.095,0.711,128.708,4
spotify:track:3Vjfh7FoOIg6lRDsFNbVv7,"Vaanam","Vaanam (Original Motion Picture Soundtrack)","Yuvan Shankar Raja",2010-11-28,224106,54,false,mans043,2018-12-12T21:47:18Z,"tamil pop,kollywood,tamil dance,tamil hip hop","Ishtar Music Pvt. Ltd.",0.573,0.549,0,-4.448,0,0.0269,0.269,0.0000897,0.383,0.311,113.99,4
spotify:track:25gsTARfYueJdvfz4QiUGt,"En Jannal Vandha (From Theeratha Vilayattu Pillai)","MasterWorks - Yuvanshankar Raja","Yuvan Shankar Raja,Roshini,Priya Hemesh,Divya Vijay",2016-07-29,283480,26,false,mans043,2018-12-12T21:47:26Z,"tamil pop,kollywood,tamil dance,tamil hip hop,telugu pop,tollywood,kannada pop","Sony Music Entertainment India Pvt. Ltd.",0.69,0.654,1,-4.725,1,0.202,0.072,0.00053,0.0252,0.628,124.983,4
spotify:track:4DjZ04u7d7rHqDs5pFcJSb,"Aandipatti","Dharmadurai (Original Motion Picture Soundtrack)","Senthil Dass,Surmukhi Raman",2016-08-02,277060,58,false,mans043,2018-12-12T21:47:32Z,"tamil dance,tamil pop,kollywood","Trend Music",0.445,0.722,9,-6.098,0,0.0644,0.239,0.00000867,0.0678,0.445,79.321,4
spotify:track:3NHvXq8sdp7UmrqWJdAqz7,"Ninaithu Ninaithu (From 7/G Rainbow Colony)","Hits of Yuvan Shankar Raja Vol.2","Shreya Ghoshal",2013-07-01,274834,49,false,mans043,2018-12-12T21:47:40Z,"bollywood,hindi pop,desi,kannada pop,marathi pop","Five Star Audio",0.715,0.302,2,-9.87,1,0.0371,0.68,0.00000426,0.217,0.297,131.832,4
spotify:track:3FRLxtpSk9BxxnxdS6I4jq,"Iragai Poley","Naan Mahaan Alla (Original Motion Picture Soundtrack)","Yuvan Shankar Raja,Tanvi Shah",2010-07-16,317739,64,false,mans043,2018-12-12T21:47:45Z,"tamil pop,kollywood,tamil dance,tamil hip hop","Think Music",0.875,0.539,3,-8.364,0,0.0367,0.0586,0.0047,0.116,0.305,115.004,4
spotify:track:0WsrXGGgS019oXTosbXxNQ,"Va Va Nilava","Naan Mahaan Alla (Original Motion Picture Soundtrack)","Haricharan",2010-07-16,283764,51,false,mans043,2018-12-12T21:47:52Z,"mollywood,tamil pop,tollywood,telugu pop,malayalam pop,kollywood,tamil dance,kannada pop","Think Music",0.785,0.595,10,-7.047,1,0.0878,0.339,0.00442,0.116,0.798,84.947,4
spotify:track:5AnTS2GAOnXjfBqDpEBCfx,"Arabu Naadu","Thottal Poo Malarum (Original Motion Picture Soundtrack)","Haricharan,Yuvan Shankar Raja",2007-06-30,322013,43,false,mans043,2018-12-12T21:48:05Z,"mollywood,tamil pop,tollywood,telugu pop,malayalam pop,kollywood,tamil dance,kannada pop,tamil hip hop","Saregama",0.745,0.46,5,-9.92,0,0.0614,0.0957,0.00000106,0.0751,0.803,84.993,4
spotify:track:6Z8oU8xMOie24Cflh2Sw6p,"Venmegam","Yaaradi Nee Mohini (Original Motion Picture Soundtrack)","Yuvan Shankar Raja,Hariharan",2008-10-17,274853,68,false,mans043,2018-12-12T21:48:12Z,"tamil pop,kollywood,tamil dance,tamil hip hop,bhajan,ghazal,devotional,telugu pop","Think Music (India)",0.803,0.426,3,-11.54,1,0.0742,0.418,0.0000223,0.11,0.556,114.945,4
spotify:track:18ONQnZsstfBATeq0yusPN,"Oru Naalaikkul","Yaaradi Nee Mohini (Original Motion Picture Soundtrack)","Yuvan Shankar Raja,Karthik,Rita Thyagarajan",2008-10-17,340066,61,false,mans043,2018-12-12T21:48:23Z,"tamil pop,kollywood,tamil dance,tamil hip hop,telugu pop,tollywood,kannada pop,malayalam pop,mollywood","Think Music (India)",0.706,0.735,6,-7.564,1,0.0322,0.37,0.0165,0.107,0.827,119.969,4
spotify:track:5TL3UHuEBRMPbAIAOiPJmc,"Enkeyoo Partha","Yaaradi Nee Mohini (Original Motion Picture Soundtrack)","Yuvan Shankar Raja,Udit Narayan",2008-10-17,320960,68,false,mans043,2018-12-12T21:48:26Z,"tamil pop,kollywood,tamil dance,tamil hip hop,bollywood,hindi pop,desi","Think Music (India)",0.822,0.446,7,-8.899,0,0.0321,0.486,0.00102,0.147,0.654,119.994,4
spotify:track:5EIpzyd2nuFVy7KUFCkwwy,"Oh Baby","Yaaradi Nee Mohini (Original Motion Picture Soundtrack)","Yuvan Shankar Raja,Naveen,Bhargavi Pillai,Haricharan,Andrea Jeremiah",2008-10-17,337933,53,false,mans043,2018-12-12T21:48:29Z,"tamil pop,kollywood,tamil dance,tamil hip hop,telugu pop,tollywood,bollywood,mollywood,malayalam pop,kannada pop","Think Music (India)",0.799,0.677,10,-9.779,0,0.043,0.00958,0.000477,0.0993,0.559,99.98,4
spotify:track:6nQp6Nxx1SwpOkze3Jf1Wo,"Nenjai Kasakki","Yaaradi Nee Mohini (Original Motion Picture Soundtrack)","Yuvan Shankar Raja,Udit Narayan,Suchitra",2008-10-17,308693,50,false,mans043,2018-12-12T21:48:33Z,"tamil pop,kollywood,tamil dance,tamil hip hop,bollywood,hindi pop,desi,telugu pop,tollywood","Think Music (India)",0.681,0.65,5,-9.66,1,0.435,0.0969,0,0.355,0.661,80.078,4
spotify:track:1vzxYeTJ9dTtyJXkNWVJDZ,"En Kadhal Solla","Paiya (Original Motion Picture Soundtrack)","Yuvan Shankar Raja,Tanvi Shah",2010-11-22,293893,64,false,mans043,2018-12-12T21:48:38Z,"tamil pop,kollywood,tamil dance,tamil hip hop","Think Music (India)",0.874,0.412,0,-5.746,0,0.0313,0.035,0.00684,0.102,0.56,105.019,4
spotify:track:4uSy3HJM1MaBk6IeehkSgD,"Adada Mazhaida","Paiya (Original Motion Picture Soundtrack)","Yuvan Shankar Raja,Rahul Nambiar,Saindhavi",2010-11-22,267120,64,false,mans043,2018-12-12T21:48:49Z,"tamil pop,kollywood,tamil dance,tamil hip hop,tollywood,telugu pop,devotional,bhajan","Think Music (India)",0.891,0.691,6,-9.417,0,0.0588,0.29,0.00564,0.0596,0.666,120.004,4
spotify:track:2uqXfUERVBLa1heEoUTBlO,"Thuli Thuli","Paiya (Original Motion Picture Soundtrack)","Yuvan Shankar Raja,Haricharan,Tanvi Shah",2010-11-22,283346,65,false,mans043,2018-12-12T21:48:54Z,"tamil pop,kollywood,tamil dance,tamil hip hop,mollywood,tollywood,telugu pop,malayalam pop,kannada pop","Think Music (India)",0.709,0.528,7,-7.429,0,0.0309,0.256,0.00189,0.112,0.649,91.999,4
spotify:track:2cbRVHdH6ab9sPsnQjFRx6,"Poongatre Poongatre","Paiya (Original Motion Picture Soundtrack)","Yuvan Shankar Raja,Benny Dayal",2010-11-22,319906,54,false,mans043,2018-12-12T21:48:59Z,"tamil pop,kollywood,tamil dance,tamil hip hop,bollywood,desi,hindi pop","Think Music (India)",0.825,0.669,5,-9.117,0,0.0475,0.0761,0.169,0.329,0.767,119.993,4
spotify:track:3tOR1zae8trHZweUByE0Zv,"Kaatrukullai","Sarvam","Yuvan Shankar Raja",2009-02-14,264532,0,false,mans043,2018-12-12T21:49:04Z,"tamil pop,kollywood,tamil dance,tamil hip hop","Eros Ayangaran",0.805,0.588,5,-5.786,0,0.0311,0.431,0.00124,0.118,0.518,119.99,4
spotify:track:2WiYbMi6kTLAWSCUbzf5zm,"Pogadhe","Deepavali (Original Motion Picture Soundtrack)","Yuvan Shankar Raja",2007-01-05,330400,0,false,mans043,2018-12-12T21:49:08Z,"tamil pop,kollywood,tamil dance,tamil hip hop","Eros Ayangaran",0.655,0.518,4,-8.084,1,0.0349,0.724,0.0000028,0.145,0.122,80.152,4
spotify:track:39h8UNrrsNt0QsCBvvWywE,"Kannan Varum Velai","Deepavali (Original Motion Picture Soundtrack)","Anuradha Sriram,Madhushree",2007-01-05,233973,0,false,mans043,2018-12-12T21:49:17Z,"tamil dance,tamil pop,kannada pop,kollywood","Eros Ayangaran",0.709,0.614,2,-6.307,0,0.048,0.482,0.000116,0.078,0.625,150.304,3
spotify:track:7mAmuoXcbyjXz4rTHEOCiG,"Kaadhal Vaithu","Deepavali (Original Motion Picture Soundtrack)","Vijay Yesudas",2007-01-05,309000,0,false,mans043,2018-12-12T21:49:21Z,"malayalam pop,mollywood,tamil pop,kollywood","Eros Ayangaran",0.659,0.776,10,-8,0,0.0373,0.0268,0.0674,0.197,0.669,100.247,4
spotify:track:2zTr8wJO9ZAYDJkpWC1Kpe,"Kadhal Valarthen","Manmadhan (Original Motion Picture Soundtrack)","Yuvan Shankar Raja,KK",2016-11-07,449613,0,false,mans043,2018-12-12T21:49:34Z,"tamil pop,kollywood,tamil dance,tamil hip hop,bollywood,hindi pop,desi","VMS Music Records and Publishing Sdn Bhd",0.715,0.641,5,-7.273,0,0.0516,0.457,0.00000187,0.137,0.515,122.93,4
spotify:track:44OEXE0l8fdx6oaKexx2G5,"En Aasai Mythiliye","Manmadhan (Original Motion Picture Soundtrack)","Yuvan Shankar Raja,Silambarasan TR,Suchitra",2016-11-07,262066,0,false,mans043,2018-12-12T21:49:39Z,"tamil pop,kollywood,tamil dance,tamil hip hop,telugu pop,tollywood","VMS Music Records and Publishing Sdn Bhd",0.654,0.849,1,-8.752,1,0.161,0.238,0.000367,0.0762,0.833,119.219,3
spotify:track:4PXF1HCl9aioyYcpJSRCqp,"Manmadhane Nee","Manmadhan (Original Motion Picture Soundtrack)","Yuvan Shankar Raja,Sadhana Sargam",2016-11-07,272080,0,false,mans043,2018-12-12T21:49:42Z,"tamil pop,kollywood,tamil dance,tamil hip hop,bollywood","VMS Music Records and Publishing Sdn Bhd",0.687,0.789,5,-6.366,0,0.0451,0.321,0.000124,0.356,0.449,90.012,4
spotify:track:4Y2gtTF7MsvurQaTjVOFzJ,"Thathai Thathai","Manmadhan (Original Motion Picture Soundtrack)","Yuvan Shankar Raja,Silambarasan TR,Blaaze,Vasundhara Das",2016-11-07,353440,0,false,mans043,2018-12-12T21:49:55Z,"tamil pop,kollywood,tamil dance,tamil hip hop,telugu pop,tollywood,bollywood,desi","VMS Music Records and Publishing Sdn Bhd",0.803,0.901,1,-7.459,1,0.107,0.0825,0.0000267,0.0746,0.815,129.977,4
spotify:track:16kEnyFnY6kt0Z0DfSYitC,"Merke Merke","Kanda Naal Mudhal","Yuvan Shankar Raja,Shankar Mahadevan,Sadhana Sargam",2005-08-16,304770,0,false,mans043,2018-12-12T21:50:08Z,"tamil pop,kollywood,tamil dance,tamil hip hop,marathi pop,bollywood,devotional,bhajan,desi,hindi pop","Eros Ayangaran",0.62,0.7,5,-6.793,0,0.046,0.41,0.0000193,0.144,0.501,79.932,4
spotify:track:4ufaroYrtqSjT1YB7aJ1eK,"Nenjodu (From Kadhal Kondaen)","Ilayaraja & Yuvan Shankar Raja Hits","Unnikrishnan,Sujatha",2013-07-09,385306,43,false,mans043,2018-12-12T21:50:22Z,"tamil pop,kollywood,telugu pop,malayalam pop,mollywood","Five Star Audio",0.42,0.429,6,-10.9,1,0.0419,0.535,0.00000336,0.0633,0.3,113.277,4
spotify:track:2pW9Ua5X0SxUwHbXq5Mmj4,"Elangathu (From Pithamagan)","Ilayaraja & Yuvan Shankar Raja Hits","Shreya Ghoshal,Sriram Parthasarathy",2013-07-09,369773,24,false,mans043,2018-12-12T21:50:28Z,"bollywood,hindi pop,desi,kannada pop,marathi pop,tamil pop,kollywood","Five Star Audio",0.694,0.479,0,-8.918,1,0.0307,0.36,0,0.195,0.735,143.974,4
spotify:track:2EczaQy6yAZ0K7w6imRMto,"Saroja Saman Nikolo (From Chennai-600028)","Hits of Yuvan Shankar Raja Vol.2","Shankar Mahadevan,Premgi Amaren",2013-07-01,253986,44,false,mans043,2018-12-12T21:50:40Z,"marathi pop,bollywood,devotional,bhajan,desi,tamil dance,hindi pop,tamil pop,kollywood,tamil hip hop","Five Star Audio",0.702,0.87,0,-8.72,0,0.0877,0.146,0.00000119,0.279,0.808,80.01,4
spotify:track:2TlZ9E3yRyaJU1P8ykjoQ9,"Vallava Ennai","Vallavan (Original Motion Picture Soundtrack)","Sunitha Sarathy",2006-06-01,384414,0,false,mans043,2018-12-12T21:56:50Z,"tamil pop,kollywood,tollywood,tamil dance,tamil hip hop","Eros Ayangaran",0.65,0.764,5,-8.221,0,0.0336,0.0813,0.0107,0.0908,0.676,141.299,4
spotify:track:2T5qsDXw0uuT9hACpVZS1c,"Podu Aattam Podu","Vallavan (Original Motion Picture Soundtrack)","Vijay Yesudas",2006-06-01,334879,0,false,mans043,2018-12-12T21:57:01Z,"malayalam pop,mollywood,tamil pop,kollywood","Eros Ayangaran",0.664,0.876,7,-8.311,1,0.128,0.673,0.00885,0.764,0.793,81.18,4
spotify:track:0xkVUkRIFnVfCSM8TckJWn,"Ottraikkannale","Vel (Original Motion Picture Soundtrack)","Yuvan Shankar Raja,Haricharan,Suchitra",2007-10-17,244426,50,false,mans043,2018-12-12T21:58:16Z,"tamil pop,kollywood,tamil dance,tamil hip hop,mollywood,tollywood,telugu pop,malayalam pop,kannada pop","Think Music (India)",0.794,0.592,2,-11.053,0,0.0427,0.202,0.00859,0.101,0.913,99.973,4
spotify:track:6Gu9A1Lgp1gYvQtYmzDN6o,"Aayiram Jannal Veedu","Vel (Original Motion Picture Soundtrack)","Yuvan Shankar Raja,Premgi Amaren,Vadivelu,Rahul",2007-10-17,310186,45,false,mans043,2018-12-12T21:58:20Z,"tamil pop,kollywood,tamil dance,tamil hip hop,telugu pop,tollywood","Think Music (India)",0.831,0.694,8,-11.693,1,0.127,0.251,0.00855,0.123,0.962,162.023,4
spotify:track:3P6zRJ409f09GI1iNwjcpa,"Oh Shala Oh Shala","Kaadhal Solla Vandhen (Original Motion Picture Soundtrack)","Yuvan Shankar Raja",2010-06-16,254033,51,false,mans043,2018-12-12T21:59:03Z,"tamil pop,kollywood,tamil dance,tamil hip hop","Think Music",0.717,0.624,1,-7.096,1,0.0381,0.0754,0.000762,0.0989,0.472,159.926,4
spotify:track:4pA42yVvDZUPtug69m8pyb,"Anbulla Sandhya","Kaadhal Solla Vandhen (Original Motion Picture Soundtrack)","Karthik",2010-06-16,340450,37,false,mans043,2018-12-12T21:59:10Z,"telugu pop,tollywood,tamil pop,kollywood,kannada pop,malayalam pop,tamil dance,mollywood","Think Music",0.827,0.429,10,-9.556,0,0.04,0.529,0.0234,0.102,0.544,129.984,4
spotify:track:6G90LzgrnF2p9pIdDzQGpn,"Yaarodu Yaaro","Yogi (Original Motion Picture Soundtrack)","Yuvan Shankar Raja,Sultan Khan",2009-09-07,322786,36,false,mans043,2018-12-12T21:59:29Z,"tamil pop,kollywood,tamil dance,tamil hip hop,ghazal,desi pop,bollywood","Sony Music Entertainment India Pvt. Ltd.",0.756,0.796,11,-6.333,0,0.0646,0.218,0.0114,0.286,0.438,99.993,4
spotify:track:6sQ7CGb1dEvGhHjZaE1ZkP,"Yedhe Dho - Language:Tamil;Film:Pattiyal;Film Artiest:Arya Bharath Pooja Padmapriya","Pattiyal","Yuvan Shankar Raja Swetha",2006-01-01,256800,0,false,mans043,2018-12-12T22:00:04Z,"","Roja/Mass Audio",0.753,0.915,10,-7.246,0,0.065,0.0475,0.00158,0.0561,0.95,80.015,4
spotify:track:3Lal1ZKn02Fd7CG7SP4mge,"Enga Yeriya","Pudhupettai (Original Motion Picture Soundtrack)","Yuvan Shankar Raja,Dhanush,Premgi Amaren",2016-11-07,319013,0,false,mans043,2018-12-12T22:00:24Z,"tamil pop,kollywood,tamil dance,tamil hip hop","VMS Music Records and Publishing Sdn Bhd",0.555,0.853,5,-8.694,0,0.107,0.176,0.00374,0.323,0.786,129.968,4
spotify:track:0wErINuz2Wy9FU7FlY59xn,"Varriyaa - Night Life","Pudhupettai (Original Motion Picture Soundtrack)","Yuvan Shankar Raja,Narayan,Naveen Madhav,Ranjith Govind,Vasu",2016-11-07,207986,0,false,mans043,2018-12-12T22:00:28Z,"tamil pop,kollywood,tamil dance,tamil hip hop,kannada pop,tollywood,telugu pop","VMS Music Records and Publishing Sdn Bhd",0.801,0.795,5,-8.984,0,0.414,0.133,0.0368,0.125,0.748,77.493,4
spotify:track:4vsRJ82oCIbgZ7hFQ17nOX,"Pulpesum Poo Pesum","Pudhupettai (Original Motion Picture Soundtrack)","Yuvan Shankar Raja,Vijay Yesudas,Tanvi Shah",2016-11-07,326320,0,false,mans043,2018-12-12T22:00:34Z,"tamil pop,kollywood,tamil dance,tamil hip hop,malayalam pop,mollywood","VMS Music Records and Publishing Sdn Bhd",0.771,0.552,7,-13.016,1,0.0929,0.0754,0.00453,0.74,0.642,92.004,4
spotify:track:3kQaSeyKR0kflJ0V0aMdeJ,"Kanmunne","Thulluvatho Ilamai (Original Motion Picture Soundtrack)","Yuvan Shankar Raja,Timmy",2001-12-31,361333,0,false,mans043,2018-12-12T22:00:41Z,"tamil pop,kollywood,tamil dance,tamil hip hop","Saregama",0.854,0.579,4,-11.097,1,0.0361,0.0665,0.0000135,0.153,0.841,101.003,4
spotify:track:5GtrftDIsHBZuBUJPlMzyu,"Neruppu Koothadikkuthu","Thulluvadho Ilamai (Original Motion Picture Soundtrack)","Venkat Prabhu,Chitra Sivaraman",2001-12-31,310453,30,false,mans043,2018-12-12T22:00:47Z,"tamil dance,kollywood,tamil pop","Saregama",0.739,0.575,10,-13.103,0,0.484,0.315,0.000635,0.0559,0.692,180.004,3
spotify:track:4LJwH8oiOZRyHBmOEapAym,"Oru Punnagai Thane","Theeratha Vilayaatu Pillai (Original Motion Picture Soundtrack)","Yuvan Shankar Raja,Ranjith Govind",2009-12-11,282146,33,false,mans043,2018-12-12T22:00:57Z,"tamil pop,kollywood,tamil dance,tamil hip hop,telugu pop,tollywood","Sony Music Entertainment India Pvt. Ltd.",0.75,0.691,5,-4.362,1,0.0354,0.0392,0.0017,0.333,0.401,95.028,4
spotify:track:4XFNtx84dAt6jxKEniIVuY,"Aedho Saigirai","Vaamanan (Original Motion Picture Soundtrack)","Yuvan Shankar Raja,Javed Ali,Sowmya Raoh",2009-04-13,292960,51,false,mans043,2018-12-12T22:01:02Z,"tamil pop,kollywood,tamil dance,tamil hip hop,sufi,bollywood,hindi pop,qawwali,desi,desi pop,kannada pop","Sony Music Entertainment India Pvt. Ltd.",0.639,0.641,0,-8.381,0,0.0321,0.166,0.00113,0.0937,0.366,84.992,4
spotify:track:3qTNm4Mta37YmEcLeQcdw3,"Oru Devathai","Vaamanan (Original Motion Picture Soundtrack)","Yuvan Shankar Raja,Roop Kumar Rathod",2009-04-13,296760,63,false,mans043,2018-12-12T22:01:11Z,"tamil pop,kollywood,tamil dance,tamil hip hop,bollywood,sufi,hindi pop,desi","Sony Music Entertainment India Pvt. Ltd.",0.625,0.492,0,-9.618,0,0.0332,0.163,0.000781,0.111,0.28,120.033,4
spotify:track:4eQFaZctZ9WSkSSvy05DT9,"Adada Vaa","Sarvam","Yuvan Shankar Raja,Ilaiyaraaja,Andrea Jeremiah,SUVI",2009-02-14,273412,0,false,mans043,2018-12-12T22:01:26Z,"tamil pop,kollywood,tamil dance,tamil hip hop","Eros Ayangaran",0.677,0.832,10,-4.752,0,0.0753,0.289,0.219,0.0204,0.831,169.994,4
spotify:track:486pX6zMhStu3cxFtB55h5,"En Kannodu","Arinthum Ariyamalum (Original Motion Picture Soundtrack)","Yuvan Shankar Raja,Nidesh Gopalan",2005,204840,41,false,mans043,2018-12-12T22:02:13Z,"tamil pop,kollywood,tamil dance,tamil hip hop","Roja/Mass Audio",0.681,0.96,0,-5.156,0,0.0663,0.178,0.0000355,0.115,0.84,134.995,4
spotify:track:4GFeCQY6Ai8rgq2IsSvUgv,"Konjam Konjam","Arinthum Ariyamalum (Original Motion Picture Soundtrack)","Mahua Kamat",2005,294840,38,false,mans043,2018-12-12T22:02:16Z,"","Roja/Mass Audio",0.847,0.648,8,-5.841,0,0.0551,0.381,0.00000137,0.131,0.935,130.06,4
spotify:track:786zTT1pptWVOMCtAvTctr,"Thee Pidikka","Arinthum Ariyamalum (Original Motion Picture Soundtrack)","Anushka Manchanda,Premgi Amaren",2005,275400,57,false,mans043,2018-12-12T22:02:22Z,"bollywood,desi,tamil dance,kollywood,tamil pop,tamil hip hop","Roja/Mass Audio",0.863,0.871,10,-4.495,0,0.0789,0.0885,0.0000802,0.157,0.764,99.983,4
spotify:track:1z45HXeHMhYyIaWWpgbP55,"En Fuse Pochu (From Arrambam)","All About Love: Yuvanshankar Raja","Yuvan Shankar Raja,Karthik,Ramya NSK",2018-08-31,282853,41,false,mans043,2018-12-12T22:03:02Z,"tamil pop,kollywood,tamil dance,tamil hip hop,telugu pop,tollywood,kannada pop,malayalam pop,mollywood","Sony Music Entertainment India Pvt. Ltd.",0.679,0.554,3,-7.078,0,0.0303,0.505,0,0.145,0.5,104.964,4
spotify:track:2Uk57WEEajbyfHd18cmLwW,"Sudasuda Thooral (From Kedi Billa Killadi Ranga)","All About Love: Yuvanshankar Raja","Yuvan Shankar Raja",2018-08-31,306506,17,false,mans043,2018-12-12T22:03:12Z,"tamil pop,kollywood,tamil dance,tamil hip hop","Sony Music Entertainment India Pvt. Ltd.",0.717,0.729,3,-5.458,0,0.0293,0.452,0.0119,0.0887,0.274,119.991,4
spotify:track:3gnWw0LToxswxfC6Eb8GBp,"Kadhal Aasai","Anjaan (Original Motion Picture Soundtrack)","Yuvan Shankar Raja,Sooraj Santhosh",2014-07-25,303750,64,false,mans043,2018-12-12T22:03:37Z,"tamil pop,kollywood,tamil dance,tamil hip hop,mollywood,malayalam pop,tollywood,telugu pop","Sony Music Entertainment India Pvt. Ltd.",0.419,0.825,6,-5.013,1,0.0709,0.49,0,0.139,0.363,73.202,4
spotify:track:79EUmflIk7DJaunxnWhK32,"Aarariraro(From Raam)","Music Special","Yuvan Shankar Raja,K. J. Yesudas",2018-04-13,286000,49,false,mans043,2018-12-12T22:04:19Z,"tamil pop,kollywood,tamil dance,tamil hip hop,malayalam pop,devotional,mollywood","Star Music",0.764,0.398,5,-11.501,0,0.0457,0.303,0.00145,0.0986,0.507,135,4
spotify:track:6xqRwFRJJAVUk5mPaSBi2h,"Maya Maya (From Baba)","Music Special","Karthik,Sujatha,A.R. Rahman",2018-04-13,348120,36,false,mans043,2018-12-12T22:04:35Z,"telugu pop,tollywood,tamil pop,kollywood,kannada pop,malayalam pop,tamil dance,mollywood,sufi,bollywood,hindi pop,desi","Star Music",0.406,0.653,11,-6.444,0,0.0941,0.415,0.00000159,0.0876,0.552,197.933,3
spotify:track:66cvPm03S2MW8FnJyhoSDk,"Dheivangal Ellaam (From Kedi Billa Killadi Ranga)","MasterWorks - Yuvanshankar Raja","Yuvan Shankar Raja,Vijay Yesudas",2016-07-29,175333,35,false,mans043,2018-12-12T22:05:33Z,"tamil pop,kollywood,tamil dance,tamil hip hop,malayalam pop,mollywood","Sony Music Entertainment India Pvt. Ltd.",0.411,0.293,5,-10.393,1,0.0298,0.801,0.000591,0.0721,0.139,179.798,3
spotify:track:29D1SahWbT0EYa12J6xH3J,"Stylish Thamizhachi (From Arrambam)","My Playlist: Yuvanshankar Raja","Yuvan Shankar Raja,M.M.Manasi,Rubba Bend.Psycho Unit",2014-08-18,264386,36,false,mans043,2018-12-12T22:06:35Z,"tamil pop,kollywood,tamil dance,tamil hip hop,tollywood,telugu pop","Sony Music Entertainment India Pvt. Ltd.",0.676,0.86,0,-4.271,0,0.13,0.0804,0,0.0591,0.664,79.96,4
spotify:track:5KGQ4YAwDV8YolJhbFPSuT,"Where Is the Party (From Silambattam)","My Playlist: Yuvanshankar Raja","Yuvan Shankar Raja,Mukesh,Priyadharshini",2014-08-18,318506,55,false,mans043,2018-12-12T22:06:43Z,"tamil pop,kollywood,tamil dance,tamil hip hop,ghazal","Sony Music Entertainment India Pvt. Ltd.",0.55,0.92,1,-4.057,1,0.0564,0.0159,0.000915,0.213,0.668,135.804,4
spotify:track:1EeX34DSvJ1aJgoPQdfc4j,"Machaan Machaan (From Silambattam)","My Playlist: Yuvanshankar Raja","Yuvan Shankar Raja,Ilaiyaraaja,Bela Shende",2014-08-18,324840,44,false,mans043,2018-12-12T22:06:56Z,"tamil pop,kollywood,tamil dance,tamil hip hop,marathi pop","Sony Music Entertainment India Pvt. Ltd.",0.627,0.682,10,-10.807,0,0.0896,0.331,0.00188,0.127,0.817,173.967,4
spotify:track:4EN20oPo55x1SgqiuDvk2m,"Kanaa Kaanum (From 7/G Rainbow Colony)","Hits of Yuvanshankar Raja Vol.3","Harish Raghavendra,Madhumathi",2013-07-24,329926,11,false,mans043,2018-12-12T22:07:44Z,"tamil pop,kollywood,telugu pop,tollywood","Five Star Audio",0.777,0.635,10,-8.99,0,0.0783,0.282,0.00000241,0.111,0.361,100,4
spotify:track:0e8TvtwBMmh89JHJrLdPB8,"Maari’s Aanandhi","Maari’s Aanandhi (From 'Maari 2' Original Motion Picture Soundtrack)","Ilaiyaraaja,M.M.Manasi",2018-12-10,259591,0,false,mans043,2018-12-17T14:26:58Z,"tamil pop,kollywood,tollywood,telugu pop,tamil dance","VMS Music Records And Publishing Sdn Bhd",0.638,0.355,0,-9.92,0,0.0245,0.584,0.0125,0.15,0.331,97.998,3
spotify:track:5NuVB4xs0kcjrFURjGILr6,"Otha Paarvaiyil - From Kadamban","Otha Paarvaiyil (From Kadamban)","Yuvan Shankar Raja,Srimathumitha",2017-03-24,233076,44,false,mans043,2018-12-20T16:10:48Z,"tamil pop,kollywood,tamil dance,tamil hip hop","Trend Music",0.514,0.829,5,-6.04,0,0.0817,0.208,0.000005,0.204,0.308,156.116,4
spotify:track:2Wvg7X82YJGxyENN8lYUH1,"Theendi Theendi (From Bala)","Ilayaraja & Yuvan Shankar Raja Hits","Unnikrishnan,Sujatha",2013-07-09,249841,20,false,mans043,2018-12-20T16:11:34Z,"tamil pop,kollywood,telugu pop,malayalam pop,mollywood","Five Star Audio",0.764,0.611,5,-10.492,0,0.0908,0.484,0.000128,0.458,0.853,94.039,4
spotify:track:3dKsrsRQEHZCtSkOj0aDkQ,"Kanaa Kaanum (From 7/G Rainbow Colony)","Youth Beats - Hits of A.R.Rahman and Yuvan Shankar Raja","Harish Raghavendra,Madhumathi",2013-07-23,329926,0,false,mans043,2018-12-20T16:11:40Z,"tamil pop,kollywood,telugu pop,tollywood","Five Star Audio",0.777,0.635,10,-8.99,0,0.0783,0.282,0.00000241,0.111,0.361,100,4
spotify:track:7F6S2iyZaDS7AThJaHftJI,"Devathaiya Kandein","Kadhal Kondaen","Harish Raghavendra",2003-04-16,310612,57,false,mans043,2018-12-20T16:11:51Z,"tamil pop,kollywood,telugu pop,tollywood","Five Star Audio",0.879,0.434,7,-10.778,0,0.0385,0.113,0.0000246,0.105,0.794,110.018,4
spotify:track:6Lw0reU7mRGyYohhe2gvzk,"Pada Padakkudhu","Moondru Per Moondru Kadal (Original Motion Picture Soundtrack)","Krish,Blaze",2012-12-01,345887,0,false,mans043,2018-12-20T16:12:54Z,"tamil pop,kollywood,tamil hip hop,soca","Alpha Digitech",0.831,0.46,7,-8.108,0,0.0574,0.169,0,0.0896,0.333,120.025,4
spotify:track:4tUOONFNmQuPGAAdpmti98,"Vellai Maiyil","Samar (Original Motion Picture Soundtrack)","Yuvan Shankar Raja,Udit Narayan,Shweta Mohan",2012-12-03,292213,35,false,mans043,2018-12-20T16:17:18Z,"tamil pop,kollywood,tamil dance,tamil hip hop,bollywood,hindi pop,desi,malayalam pop,mollywood,tollywood,telugu pop","Sony Music Entertainment India Pvt. Ltd.",0.556,0.778,7,-6.404,0,0.0374,0.359,0.0000664,0.135,0.473,159.946,4
spotify:track:212wUrf1x26TKEPG6JqBUX,"Uyirin Melloru Uyir Vanthu","Vadacurry (Original Motion Picture Soundtrack)","Yuvan Shankar Raja,Priya Hemesh,Sathyan",2014-04-10,262200,0,false,mans043,2018-12-20T16:19:29Z,"tamil pop,kollywood,tamil dance,tamil hip hop,telugu pop,tollywood,kannada pop","Meeka Audio - Divo",0.68,0.647,6,-6.728,1,0.029,0.281,0.0000407,0.154,0.343,99.984,4
spotify:track:4HBDcyTmazbfvNchzmKTC1,"Pachchai Vanna","Vai Raja Vai (Original Motion Picture Soundtrack)","Yuvan Shankar Raja,Madhan Karky",2014-12-10,255000,46,false,mans043,2018-12-20T16:20:31Z,"tamil pop,kollywood,tamil dance,tamil hip hop","Sony Music Entertainment India Pvt. Ltd.",0.686,0.689,9,-4.73,0,0.0379,0.158,0,0.0422,0.446,120.031,4
spotify:track:3yRb8PzhvQDxBhq8bghAOb,"Eerakkaathae","Idam Porul Yaeval (Original Motion Picture Soundtrack)","Yuvan Shankar Raja,Senthil Dass,Anitha Karthikeyan",2014-12-18,365253,16,false,mans043,2018-12-20T16:21:57Z,"tamil pop,kollywood,tamil dance,tamil hip hop,telugu pop,tollywood","Sony Music Entertainment India Pvt. Ltd.",0.679,0.456,3,-9.241,0,0.029,0.172,0.0000013,0.11,0.301,109.923,4
spotify:track:1R8eVL8opp64W7aljWa9Of,"Sol Pechu","Thillalangadi (Original Motion Picture Soundtrack)","Yuvan Shankar Raja,K. S. Chithra,Shreya Ghoshal",2010-07-01,297773,49,false,mans043,2018-12-20T16:24:05Z,"tamil pop,kollywood,tamil dance,tamil hip hop,malayalam pop,telugu pop,kannada pop,mollywood,tollywood,devotional,sandalwood,bollywood,hindi pop,desi,marathi pop","Sony Music Entertainment India Pvt. Ltd.",0.887,0.655,5,-7.307,0,0.0383,0.11,0.00852,0.11,0.694,109.981,4
spotify:track:2V1w45knEsiYygvis0MmzO,"Sakka Podu","Dass (Original Motion Picture Soundtrack)","Yuvan Shankar Raja,KK,Sadhana Sargam",2016-11-07,257463,0,false,mans043,2018-12-20T16:33:23Z,"tamil pop,kollywood,tamil dance,tamil hip hop,bollywood,hindi pop,desi","VMS Music Records and Publishing Sdn Bhd",0.799,0.634,5,-4.933,0,0.0554,0.307,0,0.195,0.768,103.036,4
spotify:track:03W6MkVkovpHcHD3Y20gdA,"Vaa Vaa","Dass (Original Motion Picture Soundtrack)","Yuvan Shankar Raja,Shankar Mahadevan,Mahalakshmi Iyer",2016-11-07,227286,0,false,mans043,2018-12-20T16:38:25Z,"tamil pop,kollywood,tamil dance,tamil hip hop,marathi pop,bollywood,devotional,bhajan,desi,hindi pop","VMS Music Records and Publishing Sdn Bhd",0.818,0.88,8,-7.304,1,0.318,0.4,0.0164,0.0788,0.784,154.921,4
spotify:track:2TZzayDXQdFZrrRe0bcZgW,"Saamikittay","Dass (Original Motion Picture Soundtrack)","Yuvan Shankar Raja,Hariharan,Surya Koses",2016-11-07,287583,0,false,mans043,2018-12-20T16:43:17Z,"tamil pop,kollywood,tamil dance,tamil hip hop,bhajan,ghazal,devotional,telugu pop","VMS Music Records and Publishing Sdn Bhd",0.9,0.46,8,-6.475,1,0.0561,0.188,0,0.203,0.691,119.998,4
spotify:track:4cEjPFp9pzj2Ij6NjV3Vhw,"Kodana Kodi","Saroja (Original Motion Picture Soundtrack)","Ranina Reddy,SUVI,Rahul Nambiar",2018-06-24,297822,39,false,mans043,2018-12-22T08:48:17Z,"tollywood,telugu pop,tamil pop,kollywood,tamil dance,tamil hip hop","Times Music",0.723,0.898,10,-2.55,0,0.11,0.24,0.000289,0.0901,0.664,95.003,4
spotify:track:5Ia26Ke4QCfWjtm81tvwqt,"Paathagathi Kannupattu (From Kazhugoo)","Voice of Yuvanshankar Raja Vol. 2","Yuvan Shankar Raja",2013-07-10,270813,35,false,mans043,2019-02-25T19:10:57Z,"tamil pop,kollywood,tamil dance,tamil hip hop","Sony Music Entertainment India Pvt. Ltd.",0.836,0.541,3,-7.134,0,0.0374,0.666,0.0132,0.0867,0.452,142.358,3
spotify:track:6yl8o8tWFueXUrszkUDnxl,"Enthan Uyir","Winner (Original Motion Picture Soundtrack)","Udit Narayan",2003-05-15,283706,0,false,mans043,2019-03-22T10:26:25Z,"bollywood,hindi pop,desi","New Music",0.826,0.347,10,-11.984,1,0.0376,0.735,0,0.0934,0.675,96.951,4
spotify:track:7xpayr6eH3Po3lbbtXLanZ,"Thaakkuthe Kan Thaakkuthe (From Baana Kaathadi)","Mazhaiyum Naanum: Saaral","Yuvan Shankar Raja",2018-10-26,244000,6,false,mans043,2019-03-23T13:38:37Z,"tamil pop,kollywood,tamil dance,tamil hip hop","Sony Music Entertainment India Pvt. Ltd.",0.84,0.494,5,-9.812,1,0.0691,0.0772,0.192,0.0467,0.694,99.992,4
spotify:track:6xspfQl9guE0dx1rxVcny5,"Aathadi Manasudhan (From Kazhugoo)","My Playlist: Yuvanshankar Raja","Yuvan Shankar Raja,Priya Hemesh",2014-08-18,309666,22,false,mans043,2019-03-23T13:43:52Z,"tamil pop,kollywood,tamil dance,tamil hip hop,telugu pop,tollywood,kannada pop","Sony Music Entertainment India Pvt. Ltd.",0.638,0.476,3,-7.675,0,0.043,0.137,0.0523,0.0865,0.353,160.088,4
spotify:track:1OySvB7KS4hUmvof5tqpjm,"Alai Payum Nenjile","Aadhalal Kadhal Seiveer (Original Motion Picture Soundtrack)","Udit Narayan",1991-12-01,324853,16,false,mans043,2019-03-23T13:53:59Z,"bollywood,hindi pop,desi","Saregama",0.47,0.609,9,-7.264,0,0.201,0.0321,0,0.288,0.717,79.509,4
spotify:track:6nLBdN5xLZ3LYhBbRLjTZL,"Iru Kangal Sollum","Kadhal Samrajyam (Original Motion Picture Soundtrack)","Yuvan Shankar Raja,Balram,Gopika Poornima",2002-07-19,288373,29,false,mans043,2020-05-22T18:53:29Z,"tamil pop,kollywood,tamil dance,tamil hip hop,telugu pop,tollywood","Divo",0.768,0.387,0,-13.548,1,0.06,0.448,0.000224,0.0917,0.451,109.994,4
spotify:track:0Yi3et1zuCZ1H31eCJPNNB,"Oh Intha Kaathal","Satham Podathey (Original Motion Picture Soundtrack)","Yuvan Shankar Raja,Adnan Sami",2007-09-14,328840,0,false,mans043,2020-06-13T20:20:31Z,"tamil pop,kollywood,tamil dance,tamil hip hop,sufi,qawwali,ghazal,bollywood,desi pop,telugu pop,hindi pop","Eros Ayangaran",0.815,0.452,11,-12.465,0,0.195,0.0412,0.000469,0.129,0.865,80.007,4
spotify:track:6wNZFAMVfEVtMcFmGZ4P7r,"Enna Enna Aagiren","Kaadhal Solla Vandhen (Original Motion Picture Soundtrack)","Vijay Yesudas",2010-06-16,276414,45,false,mans043,2020-06-26T05:30:02Z,"malayalam pop,mollywood,tamil pop,kollywood","Think Music",0.756,0.474,5,-8.245,0,0.0292,0.479,0.206,0.09,0.349,104.99,4
spotify:track:4zFslHyvzkWccR8K0HvseM,"Kaadhal Mattum","Kadhal Kondaen","Vijay Yesudas",2003-04-16,366639,50,false,mans043,2020-06-27T13:17:19Z,"malayalam pop,mollywood,tamil pop,kollywood","Five Star Audio",0.754,0.488,11,-10.944,0,0.0769,0.0585,0.00000736,0.361,0.877,74.996,4
spotify:track:79aZIqSSDP93DZ719IHoSZ,"Pesadhe - From Thirudan Police","My Favourite Tamil Melodies","Yuvan Shankar Raja,Harihara Sudhan,Pooja",2015-01-14,283285,0,false,mans043,2020-07-02T08:56:38Z,"tamil pop,kollywood,tamil dance,tamil hip hop","Think Music",0.697,0.797,5,-6.857,0,0.0398,0.386,0.00000306,0.103,0.655,139.985,4
spotify:track:6zRHBHOOOD1jDb85ilF8bR,"Idai Vazhi","Goa (Original Motion Picture Soundtrack)","Yuvan Shankar Raja,Benny Dayal,Mamta Mohandas",2010-01-01,284400,26,false,mans043,2020-08-23T10:37:15Z,"tamil pop,kollywood,tamil dance,tamil hip hop,bollywood,desi,hindi pop,tollywood,telugu pop","Sony Music Entertainment India Pvt. Ltd.",0.756,0.84,6,-5.21,1,0.0489,0.222,0.0261,0.273,0.801,144.987,4
spotify:track:71F6mDG2uJ6U3scvK9JNPh,"Chinna Chinnathai (From Mounam Pesiyathe)","Star Hits of Vijay & Surya","Hariharan,Yuvan Shankar Raja",2014-09-04,321293,19,false,mans043,2020-08-23T11:18:16Z,"bhajan,tamil pop,ghazal,kollywood,devotional,telugu pop,tamil dance,tamil hip hop","New Music",0.695,0.742,4,-11.904,1,0.0476,0.0405,0.0000867,0.0888,0.748,92.029,4
spotify:track:6jjB0WsAFUENyUr00XL1g2,"Nee Nee Nee","Machakaaran","Hariharan,Madhusree",2009-11-03,223800,7,false,mans043,2020-09-05T12:48:33Z,"bhajan,tamil pop,ghazal,kollywood,devotional,telugu pop","T-Series",0.862,0.541,10,-8.247,0,0.047,0.0819,0.000465,0.103,0.624,107.97,4
spotify:track:4lvTfq817mnTPF2eibBdIP,"Kadhal Valarthen","Manmadhan","Yuvan Shankar Raja,KK",2004,448641,0,false,mans043,2020-09-05T12:48:46Z,"tamil pop,kollywood,tamil dance,tamil hip hop,bollywood,hindi pop,desi","Think Tapes",0.711,0.647,0,-7.44,0,0.0578,0.484,0.00000131,0.0863,0.458,122.918,4
spotify:track:1vKbVB1nOAVxUtqmNAstLw,"Aanandha Yaazhai","Thangameenkal (Original Motion Picture Soundtrack)","Yuvan Shankar Raja,Sriram Parthasarathy",2013-05-03,217000,53,false,mans043,2020-11-11T12:41:41Z,"tamil pop,kollywood,tamil dance,tamil hip hop","Sony Music Entertainment India Pvt. Ltd.",0.768,0.335,10,-8.132,1,0.0378,0.784,0,0.105,0.65,120.011,1
spotify:track:6dqGbIiIVd4R6Y9V6PK37R,"Boom Boom","Raam (Original Motion Picture Soundtrack)","Yuvan Shankar Raja,Premgi,Tippu,Joytsna",2005-02-25,276480,0,false,mans043,2021-02-06T10:45:59Z,"tamil pop,kollywood,tamil dance,tamil hip hop,kannada pop,telugu pop,tollywood,sandalwood","VMS Music Records and Publishing Sdn Bhd",0.823,0.789,10,-9.702,0,0.0665,0.00392,0.0898,0.681,0.863,94.032,4
spotify:track:6qRiVOBexkxK4BxSt1j6rn,"Anbae Peranbae","NGK (Original Motion Picture Soundtrack)","Sid Sriram,Shreya Ghoshal",2019-04-30,269333,65,false,mans043,2021-05-16T14:26:00Z,"tollywood,telugu pop,tamil pop,kollywood,bollywood,hindi pop,desi,kannada pop,marathi pop","Sony Music Entertainment India Pvt. Ltd.",0.685,0.561,0,-4.185,0,0.0298,0.481,0.00181,0.16,0.312,90.023,4
spotify:track:4N2OhrHGD9ADUYvucoNgQP,"Un Paarvai (From Chennai-600028)","Vijay Jesudas and Karthik Hits","Vijay Yesudas",2013-06-25,249040,34,false,mans043,2021-05-16T14:26:10Z,"malayalam pop,mollywood,tamil pop,kollywood","Five Star Audio",0.712,0.758,5,-6.683,0,0.0607,0.201,0.00147,0.0623,0.966,170.01,4
spotify:track:0APs3QP6UhkzyjRCVhZwwO,"Sollamal Thottu","Sollamal Thottu","Thilak Kumar",2020-03-27,324023,0,false,mans043,2021-05-16T14:26:26Z,"","Wave Records",0.765,0.316,5,-10.653,0,0.0381,0.179,0.000275,0.0614,0.689,91.021,4
spotify:track:5rW6PRcNUwK2q625gkbMks,"Pesugiraen","Satham Podathey (Original Motion Picture Soundtrack)","Neha Bhasin",2007-09-14,330200,0,false,mans043,2021-05-16T14:26:48Z,"bollywood,telugu pop,tollywood","Eros Ayangaran",0.805,0.346,5,-10.126,1,0.0601,0.0499,0.000474,0.0582,0.548,149.986,4
spotify:track:1j8lBbwxG8SJNxmBdiFrMY,"Megam Megam","Kannaamoochi Enadaa","Harichaan,Swetha",2009-10-12,307653,30,false,mans043,2021-05-16T14:27:21Z,"tamil pop,telugu pop,tollywood,tamil dance","T-Series",0.689,0.627,6,-9.475,1,0.0533,0.00305,0.000692,0.0799,0.768,90.009,4
spotify:track:5bevVJ1zMWutZ3rQulAp62,"Yaaro Ucchikilai Meley","Taramani (Original Motion Picture Soundtrack)","Yuvan Shankar Raja",2016-12-31,177866,0,false,mans043,2021-05-16T14:27:35Z,"tamil pop,kollywood,tamil dance,tamil hip hop","Divo",0.646,0.756,8,-5.316,0,0.0445,0.0228,0.00645,0.14,0.502,179.998,4
spotify:track:7s8UULMrFE2iq5dvHwzrNr,"Kambathu Ponnu","Kambathu Ponnu","Yuvan Shankar Raja",2018-08-31,215000,55,false,mans043,2021-05-16T14:28:16Z,"tamil pop,kollywood,tamil dance,tamil hip hop","Sony Music Entertainment India Pvt. Ltd.",0.826,0.735,5,-4.198,0,0.105,0.319,0.00000501,0.086,0.892,89.999,4
spotify:track:2VMRs0wOJZzUve0tk74Ukv,"Vennira Iravugal (From Peasu)","Kollywood Stars","Yuvan Shankar Raja",2016-05-03,283360,8,false,mans043,2021-05-16T14:28:51Z,"tamil pop,kollywood,tamil dance,tamil hip hop","Ishtar Music Pvt. Ltd.",0.697,0.643,3,-6.394,1,0.0296,0.662,0.0000622,0.0734,0.349,89.998,4
spotify:track:2o6JLdqKyZxceTHFNTxh0r,"Naan Ini Kaatril","Yaakkai (Original Motion Picture Soundtrack)","Yuvan Shankar Raja,Chinmayi",2016-10-13,225900,0,false,mans043,2021-05-16T14:29:17Z,"tamil pop,kollywood,tamil dance,tamil hip hop,tollywood,telugu pop,marathi pop,bollywood,hindi pop","VMS Music Records and Publishing Sdn Bhd",0.674,0.51,7,-8.804,0,0.0377,0.843,0.000143,0.12,0.177,119.904,3
spotify:track:7HYZGozDbMIYsQEkAgoseA,"Pattu Pattu","Thillalangadi (Original Motion Picture Soundtrack)","Yuvan Shankar Raja,Silambarasan TR,Manasi Scott",2010-07-01,269226,41,false,mans043,2021-05-16T14:35:06Z,"tamil pop,kollywood,tamil dance,tamil hip hop","Sony Music Entertainment India Pvt. Ltd.",0.829,0.839,2,-7.146,1,0.0458,0.0722,0.271,0.107,0.502,124.976,4
spotify:track:1mPL6yEPOtL68ycNYa9CO1,"Ding Ding","Thillalangadi (Original Motion Picture Soundtrack)","Yuvan Shankar Raja,Vijay Prakash,Naveen Madhav",2010-07-01,314960,31,false,mans043,2021-05-16T14:35:20Z,"tamil pop,kollywood,tamil dance,tamil hip hop,kannada pop,sandalwood,tollywood,telugu pop","Sony Music Entertainment India Pvt. Ltd.",0.772,0.777,7,-8.188,1,0.067,0.0147,0.0718,0.172,0.568,90,4
spotify:track:3HqWFgXg0qXQ71DAf0IZQH,"Oru Maalai Neram","Naan Mahaan Alla (Original Motion Picture Soundtrack)","Javed Ali,Shilpa Rao",2010-07-16,284210,29,false,mans043,2021-05-16T14:47:22Z,"sufi,bollywood,hindi pop,qawwali,desi,desi pop","Think Music",0.768,0.633,8,-8.158,1,0.0553,0.507,0.00000511,0.077,0.498,94.981,4
spotify:track:7pylid8gg0SUJUzieuaGBJ,"Oru Kan Jaadai (From Anjaan)","All About Love: Yuvanshankar Raja","Yuvan Shankar Raja,Benny Dayal,Shweta Pandit",2018-08-31,262800,28,false,mans043,2021-05-19T19:29:45Z,"tamil pop,kollywood,tamil dance,tamil hip hop,bollywood,desi,hindi pop","Sony Music Entertainment India Pvt. Ltd.",0.717,0.772,3,-6.545,0,0.0696,0.0155,0.0000197,0.0584,0.757,149.989,4
spotify:track:3EZtr5tNadZVtjvQdZNu1M,"Iayyayo","Yours Yuvan","Krishnaraj,Yuvan Shankar Raja,Manikka Vinayagam,Shreya Ghoshal",2013-02-13,275017,43,false,mans043,2021-12-09T08:24:09Z,"tamil dance,tamil pop,kollywood,tamil hip hop,bollywood,hindi pop,desi,kannada pop,marathi pop","Star Music",0.759,0.457,5,-6.339,1,0.0335,0.549,0,0.0848,0.57,89.998,4
spotify:track:7xRc49RvrOPeZpilBjQeHF,"Mercury Poove (From Pudhiya Geethai)","Love Hits of Yuvan","Nidheesh Gopalan,Bhavatharini",2013-08-14,276062,27,false,mans043,2021-12-14T04:40:38Z,"tamil pop,kollywood","Five Star Audio",0.849,0.474,8,-9.463,1,0.0805,0.226,0.000307,0.121,0.656,123,4
spotify:track:1jSGr4oubc6QhwcaHAZ6C0,"Aagoozhilae (From Radhe Shyam)","Aagoozhilae (From Radhe Shyam)","Yuvan Shankar Raja,Harini Ivaturi,Justin Prabhakaran",2021-11-15,233383,37,false,mans043,2021-12-14T04:43:05Z,"tamil pop,kollywood,tamil dance,tamil hip hop,tollywood,telugu pop,devotional","T-Series",0.633,0.567,9,-8.923,0,0.0309,0.031,0.0000527,0.106,0.476,123.991,4
spotify:track:7AqdmyhxeYqwfwW52TTPdF,"Vethalaiya Potendi","Billa (Original Motion Picture Soundtrack)","Yuvan Shankar Raja,Shankar Mahadevan",2007-12-14,262120,0,false,mans043,2022-01-02T11:27:04Z,"tamil pop,kollywood,tamil dance,tamil hip hop,marathi pop,bollywood,devotional,bhajan,desi,hindi pop","Ayngaran",0.822,0.948,1,-3.178,1,0.127,0.174,0.00131,0.0821,0.821,120.025,4
spotify:track:5pfCT1UcILp1HtgzS7EPpE,"Seval Kodi","Billa (Original Motion Picture Soundtrack)","Yuvan Shankar Raja,Vijay Yesudas",2007-12-14,292453,0,false,mans043,2022-01-02T11:27:08Z,"tamil pop,kollywood,tamil dance,tamil hip hop,malayalam pop,mollywood","Ayngaran",0.748,0.98,8,-4.821,1,0.0611,0.374,0.0546,0.087,0.887,131.037,4
spotify:track:0e4YHAzkjKIuGw5JgmbGEA,"My Name is Billa","Billa (Original Motion Picture Soundtrack)","Yuvan Shankar Raja,Naveen,KK",2007-12-14,234800,0,false,mans043,2022-01-02T11:27:15Z,"tamil pop,kollywood,tamil dance,tamil hip hop,telugu pop,tollywood,bollywood,hindi pop,desi","Ayngaran",0.563,0.946,9,-4.753,1,0.0713,0.012,0.667,0.166,0.641,67.51,4
spotify:track:3b6jCDqWdQPPeNh7xxnaxl,"Poi Solla","April Madhathil (Original Motion Picture Soundtrack)","Yuvan Shankar Raja,Sadhana Sargam",2002-11-10,302986,46,false,mans043,2022-01-02T12:26:39Z,"tamil pop,kollywood,tamil dance,tamil hip hop,bollywood","Divo",0.72,0.696,5,-8.18,0,0.0341,0.00907,0.000145,0.186,0.635,125.004,4
spotify:track:1nlGaMJwjnPJhp9MMqAecJ,"Oru Paarvaiyil","Siva Manasula Shakti","Ab1shanth",2022-04-30,96000,0,false,mans043,2022-05-14T16:43:26Z,"","EELAM PROD",0.662,0.377,0,-8.494,0,0.0303,0.825,0.000103,0.154,0.668,119.988,4
spotify:track:31kFvEHMEoBxQlDJIhvc6X,"Unakkaagave Uyir Vaazhgiren","Moondru Per Moondru Kaadhal","Yuvan Shankar Raja",2013,276613,0,false,mans043,2022-08-08T21:03:02Z,"tamil pop,kollywood,tamil dance,tamil hip hop","Gemini Audio/Gemini Entertainment & Mobile Media Services",0.702,0.51,0,-8.561,0,0.0369,0.0471,0.00745,0.133,0.22,120.042,4
spotify:track:6AHzQxvbX1VHPPYsL8yxIR,"","","",0000,0,0,false,mans043,2022-08-08T21:03:34Z,"","",0.591,0.488,7,-7.803,0,0.031,0.522,0.00000267,0.0879,0.339,82.543,3
spotify:track:5urvQjPS4iOrg5LEJcOXiB,"Kadaloram","Kungumapoovum Konjumpuraavum (Original Motion Picture Soundtrack)","Yuvan Shankar Raja",2009-01-24,331373,32,false,mans043,2022-08-08T21:04:15Z,"tamil pop,kollywood,tamil dance,tamil hip hop","Think Music (India)",0.846,0.398,5,-11.461,1,0.0359,0.298,0.00956,0.116,0.766,99.989,4
spotify:track:1Pqx4vgG4UUd0zUpWDNYt4,"Vathikuchi Pathikadhuda","Dheena (Original Motion Picture Soundtrack)","S. P. Balasubrahmanyam",2001-03-23,285026,0,false,mans043,2022-08-24T05:58:37Z,"telugu pop,kannada pop,tamil pop,devotional,tollywood,sandalwood,kollywood","Tips Industries Ltd.",0.808,0.603,2,-10.533,1,0.0789,0.0149,0.00475,0.0407,0.564,134.978,4
spotify:track:54CafayhMkyEw3CXbAVgg8,"Sollamal Thottu Chellum Thendral","Dheena (Original Motion Picture Soundtrack)","Hariharan",2001-03-23,324000,0,false,mans043,2022-08-24T05:58:45Z,"bhajan,tamil pop,ghazal,kollywood,devotional,telugu pop","Tips Industries Ltd.",0.762,0.312,5,-10.568,0,0.0386,0.145,0.000558,0.0531,0.689,91.018,4
spotify:track:7CkKK3ksK2SVNoSMX98rh4,"Nee Illai Enral","Dheena (Original Motion Picture Soundtrack)","Bhavatharini,Murugan,Mahalakshmi Iyer",2001-03-23,324973,0,false,mans043,2022-08-24T05:58:49Z,"tamil pop,kollywood,bollywood,desi","Tips Industries Ltd.",0.703,0.675,5,-10.893,0,0.0675,0.267,0.0000673,0.113,0.735,100.048,4
spotify:track:4FkMh52ydCzaPYJ8oRkQEf,"Unnakaagathane Inthauriyrullathu","Tamil M.A.","Yuvan Shankar Raja",2009-11-21,290426,44,false,mans043,2022-08-30T05:31:57Z,"tamil pop,kollywood,tamil dance,tamil hip hop","T-Series",0.764,0.575,7,-9.989,1,0.0298,0.341,0.000279,0.0824,0.675,110.002,4
spotify:track:4FOCZFqxIS1Xc5JWla5VNj,"Ennai Vittu","Love Today (Original Motion Picture Soundtrack)","Yuvan Shankar Raja,Sid Sriram",2022-11-07,244669,47,false,mans043,2022-12-04T10:48:32Z,"tamil pop,kollywood,tamil dance,tamil hip hop,tollywood,telugu pop","Sony Music Entertainment India Pvt. Ltd.",0.603,0.381,0,-12.111,0,0.0583,0.333,0.0000365,0.126,0.289,139.991,4
spotify:track:1djdeUAE0hT4fvkE8tJRHB,"Kangal Kandadhu (From Oru Kalluriyin Kadhai)","Ranjith Hits at Yuvan Music","Ranjith Govind,Ganga",2013-06-08,287576,16,false,mans043,2023-01-06T07:30:46Z,"tamil dance,telugu pop,tollywood,tamil pop,kollywood,malayalam pop","Five Star Audio",0.824,0.832,6,-8.441,1,0.0354,0.0695,0.187,0.275,0.826,125.024,4
spotify:track:4JO0JV8cZ4JnB777tmNKh9,"Pacha Elai (From Love Today)","Pacha Elai (From Love Today)","Yuvan Shankar Raja,Mathichiyam Bala",2022-10-17,210857,48,false,mans043,2023-01-11T18:44:14Z,"tamil pop,kollywood,tamil dance,tamil hip hop","Sony Music Entertainment India Pvt. Ltd.",0.664,0.716,11,-10.904,0,0.33,0.469,0.000228,0.313,0.413,139.632,4
spotify:track:78tblPcz2otRZd1VOeU7zz,"Kanja Poovu Kannala (From Viruman)","Kanja Poovu Kannala (From Viruman)","Yuvan Shankar Raja,Sid Sriram",2022-05-25,237558,58,false,mans043,2023-01-11T18:44:26Z,"tamil pop,kollywood,tamil dance,tamil hip hop,tollywood,telugu pop","Sony Music Entertainment India Pvt. Ltd.",0.72,0.692,8,-6.354,1,0.0894,0.291,0,0.177,0.52,110.011,4
spotify:track:4w40zgyB1Jr7MZGPbKGcx0,"Chinna Chinnathai","Mounam Pesiyathey (Original Motion Picture Soundtrack)","Hariharan,Yuvan Shankar Raja",2002-10-06,321071,45,false,mans043,2023-03-25T17:09:29Z,"bhajan,tamil pop,ghazal,kollywood,devotional,telugu pop,tamil dance,tamil hip hop","Track Music",0.677,0.75,11,-12.062,0,0.0535,0.0451,0.0000396,0.0864,0.802,92.015,4
spotify:track:5sVpdij4CFXbwGYy7JzBcJ,"Oru Kal (Version 1)","Siva Manasula Sakthi (Original Motion Picture Soundtrack)","Yuvan Shankar Raja",2023-08-02,306000,0,false,mans043,2023-10-01T11:57:37Z,"tamil pop,kollywood,tamil dance,tamil hip hop","Ayngaran",0.78,0.73,8,-7.078,1,0.0324,0.0637,0.585,0.118,0.375,119.998,4
spotify:track:2NRD4ig99KpeT1ISt2WxOk,"Kadhalae Kadhalae","Aadhalal Kadhal Seiveer (Original Motion Picture Soundtrack)","Ranjith Govind",1991-12-01,120612,2,false,mans043,2023-11-05T20:50:55Z,"tamil dance,telugu pop,tollywood,tamil pop,kollywood","Saregama",0.786,0.51,2,-6.692,0,0.0506,0.218,0.0151,0.0779,0.592,98.016,4
spotify:track:3JyMYm4kf9HgIWDbjs4zNl,"Marubadi Nee - From Yezhu Kadal Yezhu Malai","Marubadi Nee (From Yezhu Kadal Yezhu Malai)","Yuvan Shankar Raja,Siddharth,Madhan Karky",2024-02-14,297750,25,false,mans043,2024-02-18T10:40:26Z,"tamil pop,kollywood,tamil dance,tamil hip hop,tollywood,telugu pop","Think Music",0.59,0.372,0,-8.498,1,0.029,0.369,0,0.166,0.368,80.005,4
spotify:track:3vwGjipNZq6vEJhtUysikU,"Irava Pagala","Poovellam Kettuppar (Original Motion Picture Soundtrack)","Yuvan Shankar Raja,Palani Bharathi,Hariharan,Sujatha Mohan",1999-08-06,310805,41,false,mans043,2024-02-18T10:42:30Z,"tamil pop,kollywood,tamil dance,tamil hip hop,bhajan,ghazal,devotional,telugu pop,malayalam pop,mollywood","Pyramid Audio",0.705,0.408,1,-11.398,1,0.0506,0.471,0.00000194,0.154,0.209,82.037,4
spotify:track:6iJNXXKIh1N9pL6Shu3RZF,"Chudithar Aninthu","Poovellam Kettuppar (Original Motion Picture Soundtrack)","Yuvan Shankar Raja,Palani Bharathi,Hariharan,Sadhana Sargam",1999-08-06,355426,36,false,mans043,2024-02-18T10:42:43Z,"tamil pop,kollywood,tamil dance,tamil hip hop,bhajan,ghazal,devotional,telugu pop,bollywood","Pyramid Audio",0.706,0.732,11,-5.762,0,0.0516,0.138,0.0000105,0.241,0.739,80.081,4
spotify:track:7bHlIBOijusr7MgyAEiNPG,"Azhagai (From Iraivan)","Azhagai (From Iraivan)","Yuvan Shankar Raja,Sanjith Hegde,Kharesma Ravichandran,Vivek",2023-09-08,221053,14,false,mans043,2024-02-18T11:14:49Z,"tamil pop,kollywood,tamil dance,tamil hip hop,kannada pop,sandalwood,tollywood,telugu pop,tamil indie","Times Music",0.613,0.728,0,-6.187,1,0.0573,0.0131,0.00000399,0.294,0.702,159.927,4
spotify:track:0W9wmbIqdYEmjHzYn8UrUt,"Theme Music 9","7/G Rainbow Colony (Original Motion Picture Soundtrack)","Yuvan Shankar Raja",2013-07-05,199302,27,false,mans043,2024-02-18T11:16:04Z,"tamil pop,kollywood,tamil dance,tamil hip hop","Five Star Audio",0.505,0.3,0,-12.332,0,0.0296,0.898,0.895,0.212,0.116,89.983,4
spotify:track:6GH5qLVhOvbgRvqFdAKQ9a,"Whistle Podu (From The Greatest Of All Time)","Whistle Podu (From The Greatest Of All Time)","Thalapathy Vijay,Yuvan Shankar Raja,Madan Karky",2024-04-14,281268,61,false,mans043,2024-08-11T20:21:18Z,"tamil dance,tamil pop,kollywood,tamil hip hop","T-Series",0.646,0.882,1,-5.665,1,0.177,0.0413,0.0000434,0.215,0.538,162.041,4
spotify:track:45INGwihwyL537U2JdGuzW,"Chinna Chinna Kangal (From The Greatest Of All Time)","Chinna Chinna Kangal (From The Greatest Of All Time)","Thalapathy Vijay,Yuvan Shankar Raja,Raja Bhavatharini",2024-06-22,269109,53,false,mans043,2024-08-11T20:21:23Z,"tamil dance,tamil pop,kollywood,tamil hip hop","T-Series",0.389,0.706,10,-5.426,0,0.0578,0.413,0,0.309,0.566,77.908,4
spotify:track:0rPrOYqhiw5gJf4xOP3xSD,"Kanavea - Language:Tamil;Film:Azhagai Irukkirai Bayamai Irukkirathu;Film Artiest:Bharath Mallika Kapoor","Azhagai Irukkirai Bayamai Irukkirathu & Nanbanin Kadhali","Yuvan Shankar Raja,Pavatharini",2005-01-01,268360,29,false,mans043,2024-08-11T20:21:40Z,"tamil pop,kollywood,tamil dance,tamil hip hop","Roja/Mass Audio",0.692,0.551,3,-8.997,0,0.0329,0.147,0.000075,0.114,0.483,79.151,4
spotify:track:1megALx1d2Sjdt9byz9rgO,"Vintage Love","Star (Original Motion Picture Soundtrack)","Yuvan Shankar Raja",2024-05-04,207499,32,false,mans043,2024-08-11T20:30:36Z,"tamil pop,kollywood,tamil dance,tamil hip hop","Sony Music Entertainment India Pvt. Ltd.",0.688,0.705,2,-6.233,1,0.0593,0.149,0,0.352,0.574,79.033,4
spotify:track:0Z5S5vaptrVvjSDJHhLUDd,"Yezhezhu Malai - From Yezhu Kadal Yezhu Malai","Yezhezhu Malai (From Yezhu Kadal Yezhu Malai)","Yuvan Shankar Raja,Santhosh Narayanan,Madhan Karky",2024-07-05,184571,31,false,mans043,2024-08-11T20:34:03Z,"tamil pop,kollywood,tamil dance,tamil hip hop","Think Music",0.663,0.466,7,-8.884,1,0.0304,0.605,0,0.0811,0.313,105.059,4
spotify:track:1YS2WjmJztlglNSdQVIpg6,"Unnai Paartha Naal - Chill RnB Remix","Unnai Paartha Naal (Chill RnB Remix)","Yuvan Shankar Raja,Pa. Vijay,Jeruson",2024-05-24,104111,1,false,mans043,2024-08-11T20:36:55Z,"tamil pop,kollywood,tamil dance,tamil hip hop,tamil indie,malayalam hip hop","Saregama India Ltd",0.593,0.234,0,-17.184,0,0.052,0.698,0,0.0883,0.344,150.092,4
spotify:track:6JKIgfp2QZrz87kPKy51tP,"The First Rain","Star (Original Motion Picture Soundtrack)","Yuvan Shankar Raja,Priya Mali",2024-05-04,165046,25,false,mans043,2024-08-11T20:42:29Z,"tamil pop,kollywood,tamil dance,tamil hip hop","Sony Music Entertainment India Pvt. Ltd.",0.639,0.593,7,-7.882,0,0.029,0.115,0.000723,0.102,0.323,139.848,4
spotify:track:5tdcSGaDi203c8Gh2RTkGd,"Oru Paarvaiyil","Siva Manasula Sakthi (Original Motion Picture Soundtrack)","Yuvan Shankar Raja,Na.Muthukumar,Ranjith Govind",2023-08-02,96000,28,false,mans043,2024-08-11T21:01:26Z,"tamil pop,kollywood,tamil dance,tamil hip hop,telugu pop,tollywood","Ayngaran",0.438,0.378,0,-8.489,0,0.0326,0.843,0.000277,0.157,0.652,120.042,4
spotify:track:23SIw24skr7S99hDF2gasC,"Paravaiye Engu Irukkiraai","Kattradhu Thamizh (Original Motion Picture Soundtrack)","Yuvan Shankar Raja,Na.Muthukumar,Ilaiyaraaja",2023-08-02,364853,16,false,mans043,2024-08-11T21:06:47Z,"tamil pop,kollywood,tamil dance,tamil hip hop","Ayngaran",0.814,0.695,3,-8.853,0,0.0442,0.422,0.000324,0.515,0.805,129.985,4
spotify:track:7ptOmwcsd528Fv8FuPnJIs,"Nizhalinai Nijamum (From Raam)","Music Special","Yuvan Shankar Raja,Vijay Yesudas",2018-04-13,321015,29,false,mans043,2024-09-03T10:44:57Z,"tamil pop,kollywood,tamil dance,tamil hip hop,malayalam pop,mollywood","Star Music",0.903,0.471,5,-10.66,0,0.0467,0.31,0.000226,0.176,0.908,115.99,4
spotify:track:5lznfukd03XozsiZhKOyZj,"Uyire","Poojai (Original Motion Picture Soundtrack)","Yuvan Shankar Raja",2014-10-22,146007,44,false,mans043,2024-10-27T21:17:06Z,"tamil pop,kollywood,tamil dance,tamil hip hop","VMS Music Records And Publishing Sdn Bhd",0.737,0.441,10,-10.227,0,0.0331,0.273,0.0000493,0.152,0.34,129.952,4
spotify:track:2ctyN33z7LhH3tTlNktp2d,"Oru Paarvaiyil","Siva Manasula Sakthi (Original Motion Picture Soundtrack)","Ranjith Govind",2023-08-02,96000,0,false,mans043,2024-12-27T18:03:55Z,"tamil dance,telugu pop,tollywood,tamil pop,kollywood","Ayngaran",0.441,0.379,0,-8.497,0,0.0326,0.838,0.000195,0.157,0.653,120.045,4
